id,source,platform,author,text,topic,date_approx,differentiation_from_meat,perceived_processing,naturalness_perceptions,taste_expectations,sustainability_differentiation,anchoring_to_meat,perceived_loss_switching,trust_and_credibility,uncertainty_and_risk,social_acceptance,dominant_construct
1,X,Twitter,@waitbutwhy,"I tried lab-grown meat recently. It tasted like meat, because it is meat—just not grown on the body of an animal. No suffering and a fraction of the environmental footprint.",lab-grown,2025-05,0.3605216443538666,0.09398364275693893,0.011826204136013985,0.0014825556427240372,0.7716219425201416,0.0011398561764508486,0.012075680308043957,0.008593017235398293,0.022388538345694542,0.02783273160457611,sustainability_differentiation
2,X,Twitter,@SBakerMD,"Lab grown meat is not more environmentally sustainable than conventional animal meat-no data has been shown to make that claim, in fact most studies suggest it is much more energy and resource intensive",lab-grown,2025-08,0.9559726119041443,0.28535693883895874,0.3141762912273407,0.04000503942370415,0.9509143829345703,0.010576155036687851,0.09159409999847412,0.5888658761978149,0.7814307808876038,0.041986506432294846,differentiation_from_meat
3,X,Twitter,@markeatsmeat,"A) lab-grown meat is not biologically identical to animal meat B) its “environmental impact” will likely be “orders of magnitude” higher, according to a UC Davis study C) there are options other than factory farmed meat",lab-grown,2025-08,0.9704826474189758,0.7554253339767456,0.3149864673614502,0.03277668356895447,0.9654536843299866,0.0002436771319480613,0.05353789031505585,0.05929269269108772,0.6541911363601685,0.01451865490525961,differentiation_from_meat
4,X,Twitter,@aibra,I've tried lab grown meat and the pea protein/oils used do not agree with my gut. In this case the alternative is not acceptable to me.,lab-grown,2026-08,0.9578336477279663,0.922278881072998,0.95197594165802,0.3665774464607239,0.8137739300727844,0.0018864813027903438,0.4564516544342041,0.3053440749645233,0.9877296686172485,0.10729913413524628,uncertainty_and_risk
5,X,Twitter,@alexhorner2002,"Lab-grown and plant-based foods are made in sterile conditions with no pathogens, no antibiotics, and no mystery scraps. Given the choice between something from a clean lab and something scraped off a slaughterhouse floor, I’ll take the lab product any day.",both,2025-08,0.2500489354133606,0.02208586409687996,0.006332347635179758,0.0029994749929755926,0.11586598306894302,0.0006492282263934612,0.012964124791324139,0.008072985336184502,0.011253954842686653,0.015954313799738884,differentiation_from_meat
6,X,Twitter,@ExistentialEnso,"Lab grown meat: doesn't cause suffering - has a fraction of the environmental impact - is free of antibiotics - is projected to be cheaper than natural meat. I know some folks are skeeved out, but this is very good technology",lab-grown,2018,0.5082803964614868,0.1443871110677719,0.16142874956130981,0.0018162175547331572,0.7949579954147339,0.0021646220702677965,0.05542571842670441,0.013254650868475437,0.04071633890271187,0.21255789697170258,sustainability_differentiation
7,X,Twitter,@_Regenaissance,I'm completely against lab-grown meat for many reasons but the biggest? All of the start-ups trying to make this a reality have a very utopian mindset of the real world.,lab-grown,2026-08,0.2195693701505661,0.36320942640304565,0.19865114986896515,0.07831528037786484,0.3217354714870453,0.022125886753201485,0.13261133432388306,0.405118465423584,0.894577145576477,0.040696535259485245,uncertainty_and_risk
8,X,Twitter,@qkw92rvrrg,Love @BurgerKing for their impossible whopper option. Nice to eat a burger without the slaughter of an animal.,plant-based,2026-08,0.28344255685806274,0.038171086460351944,0.009302903898060322,0.003526367014274001,0.45095211267471313,0.00039294897578656673,0.027390092611312866,0.008212823420763016,0.1558915078639984,0.022400079295039177,sustainability_differentiation
9,X,Twitter,@tofuafficionado,the beyond nuggets at a&w were legit,plant-based,2026-08,0.2759231626987457,0.028207900002598763,0.0018428959883749485,0.0024237476754933596,0.18309450149536133,0.005358902271836996,0.06813081353902817,0.000432081229519099,0.007038539741188288,0.018705258145928383,differentiation_from_meat
10,X,Twitter,@monkefiter,I’d try lab-grown meat. It’s just protein strands. Doesn’t sound appetizing but I like the idea of a custom-grown steak that a cow didn’t have to die for. Like in Star Trek.,lab-grown,2026-08,0.16810713708400726,0.019923651590943336,0.021190878003835678,0.10941357910633087,0.05116220563650131,0.00037389257340691984,0.1142578274011612,0.016562409698963165,0.09228768944740295,0.029136886820197105,differentiation_from_meat
11,X,Twitter,@JohnStossel,"I tried meat grown in a lab. It tastes like … well … meat. I guess it is meat, but it’s not grown the normal way.",lab-grown,2025-02,0.6484083533287048,0.2869183123111725,0.12974590063095093,0.006321764551103115,0.1404007375240326,0.004387654829770327,0.1026359423995018,0.07743256539106369,0.7962701320648193,0.05196726322174072,uncertainty_and_risk
12,X,Twitter,@StanzoMyers,Thought I'd try one of those Fake Steak things. Did it with a mushroom sauce. It tasted soooo much like meat it gave me the boak after 5 years of plant based food.,plant-based,2026-08,0.5231291651725769,0.2922414243221283,0.9246438145637512,0.01185640599578619,0.05800718069076538,0.006670462898910046,0.3672848641872406,0.06728851050138474,0.9358527660369873,0.05641850829124451,uncertainty_and_risk
13,X,Twitter,@PINARBAYHAN,Lab-grown meat just passed a taste test blind study against conventional. The future is here.,lab-grown,2026-08,0.8740912079811096,0.0025494617875665426,0.003446475602686405,0.0001762660831445828,0.02627512812614441,0.0006352731725201011,0.0070185610093176365,0.0007918183691799641,0.0014066341100260615,0.011898773722350597,differentiation_from_meat
14,X,Twitter,@Lou0317,"If this was so, all kids meals would be made with the plant based meat, They taste just like beef & chicken.",plant-based,2026-08,0.10837662220001221,0.12094421684741974,0.05042482167482376,0.018935643136501312,0.2775683104991913,0.0011567348847165704,0.23318077623844147,0.232492595911026,0.2987472414970398,0.051177505403757095,uncertainty_and_risk
15,X,Twitter,@LinnRandom,"Ive tried Beyond Burger and Impossible Burger...then, shocker..read the chemicals in that crap, nearly fainted. As a vegan... I wont eat it!!!",plant-based,2026-08,0.9050833582878113,0.9902172684669495,0.9646463394165039,0.4086535573005676,0.9545013904571533,0.0033218604512512684,0.6675820350646973,0.7435993552207947,0.9954829812049866,0.2299816906452179,uncertainty_and_risk
16,X,Twitter,@ScreenOrigami,"Try the “Beyond Burger” brand. For me personally, after many vegan years, they taste too much like meat. But if you’re looking for a 1:1 meat replacement, that’s what you want.",plant-based,2026-08,0.5688566565513611,0.13149122893810272,0.012053873389959335,0.0027088162023574114,0.11006085574626923,0.0019632822368294,0.09814564883708954,0.02828155644237995,0.17359934747219086,0.039919447153806686,differentiation_from_meat
17,X,Twitter,@chefchloeb2vo,I love learning about alternative protein and seeing how far we’ve come with innovation!! What’s your favorite plant-based meat on the market right now?,plant-based,2026-08,0.04633708670735359,0.006385918706655502,0.00041599650285206735,0.0015311090974137187,0.007191689219325781,4.03116900997702e-05,0.006200986448675394,0.0007638840470463037,0.017586156725883484,0.006866524461656809,differentiation_from_meat
18,X,Twitter,@lostguy299010,Plant based meat is the most eco friendly production in this case.,plant-based,2026-08,0.2575610280036926,0.5632651448249817,0.0008407332352362573,0.0013883559731766582,0.9496849179267883,0.0005527781322598457,0.018689189106225967,0.009553746320307255,0.03769269213080406,0.02840798906981945,sustainability_differentiation
19,X,Twitter,@JoAnn_Marie,Sounds Wonderful. Can’t wait to taste the lab grown meat,lab-grown,2026-08,0.09074145555496216,0.0009629669366404414,0.0019756352994590998,0.00014180793368723243,0.038171663880348206,0.0003408206976018846,0.006850342731922865,0.0013125669211149216,0.010527877137064934,0.006978449411690235,differentiation_from_meat
20,X,Twitter,@KerryOLeary4,I’m done with Mc Donald’s. They tried to pull a fast one and started using lab grown meat without telling customers.,lab-grown,2026-08,0.49508151412010193,0.9379568696022034,0.7295140624046326,0.08112155646085739,0.9192798733711243,0.00022422033362090588,0.35265052318573,0.9391458630561829,0.9933681488037109,0.34428107738494873,uncertainty_and_risk
21,X,Twitter,@mentilich,"It’s not about the taste or the nutrients, it’s about feeling like a big scary manly killer predator and lab-grown ruins that mythos",lab-grown,2026-08,0.7078317999839783,0.2547200620174408,0.9570009112358093,0.3698592782020569,0.000392390153137967,0.0010946637485176325,0.9062544107437134,0.5738092064857483,0.4285481870174408,0.04697943851351738,naturalness_perceptions
22,X,Twitter,@blockkboyy615,Impossible meat is pretty good and close to beef just can taste weird if you don’t cook it right... and beyond meat is good as well. But I stay away from most other processed fake meats,plant-based,2026-08,0.21369609236717224,0.7275988459587097,0.44161170721054077,0.09132713079452515,0.05210258439183235,0.004156375769525766,0.23619171977043152,0.057588666677474976,0.8361151814460754,0.130945086479187,uncertainty_and_risk
23,X,Twitter,@BlueMoonJude,"Some taste terrible and very dry, like they’re not trying. But I love the Beyond Meat burgers",plant-based,2026-08,0.7481023073196411,0.1186293363571167,0.19124597311019897,0.23287583887577057,0.09852300584316254,0.00015800254186615348,0.1347268670797348,0.03297152370214462,0.6381879448890686,0.06936068087816238,differentiation_from_meat
24,X,Twitter,@jaedme,"beyond meat burgers are so gross haha, lab grown actual meat probably is the only thing that has a chance to replace meat",both,2026-08,0.5428284406661987,0.014063571579754353,0.004026143811643124,0.21116159856319427,0.09500809758901596,9.446631884202361e-05,0.1532861739397049,0.022499272599816322,0.09615880250930786,0.09321682900190353,differentiation_from_meat
25,X,Twitter,@1991Wolfpack,The Beyond Meat product is a science project and doesn't even taste good.,plant-based,2026-08,0.9586466550827026,0.41434985399246216,0.9070414304733276,0.4803996980190277,0.3082064986228943,0.000584521796554327,0.3063857853412628,0.13184595108032227,0.9909278154373169,0.08971467614173889,uncertainty_and_risk
26,Reddit,Reddit,TheDadThatGrills,"Lab Grown Meat should cook the same as regular meat. Personally, this is the one area of food technology I'm most excited about. All of us could be cooking with impossibly marbled cuts that were created without killing an animal",lab-grown,2023-01,0.012362441048026085,0.02162311226129532,0.0030603427439928055,0.000823083973955363,0.15159696340560913,0.00013086541730444878,0.01518962811678648,0.003309727180749178,0.007408407051116228,0.021166672930121422,sustainability_differentiation
27,Reddit,Reddit,Sanpaku,"Less structured plant based faux meats (hamburgers/sausages) have improved in texture greatly over the past decade... Lab-grown meat offers the potential for structured biologically identical products, but... costs... will mean they're always exorbitantly priced.",both,2023-01,0.2900897264480591,0.2392013669013977,0.05990089103579521,0.0002345531975151971,0.11462991684675217,0.0018076366977766156,0.03466331213712692,0.08590767532587051,0.5979926586151123,0.037671465426683426,uncertainty_and_risk
28,Reddit,Reddit,greensandgrains,"NGL, I miss when veggie burgers didn’t just imitate meat. I like the bean/grain based burgers...",plant-based,2023-01,0.20690606534481049,0.44691354036331177,0.426420658826828,0.022717958316206932,0.1644958257675171,0.005231084302067757,0.35025545954704285,0.0831407681107521,0.5793813467025757,0.04634714871644974,uncertainty_and_risk
29,Reddit,Reddit,Rubbersushi,The impossible/beyond burger meat works good in chili or red sauce pasta... I still prefer real meat for cooking though.,plant-based,2023-01,0.4084784686565399,0.8042445778846741,0.32572829723358154,0.0468105748295784,0.05096612125635147,0.0036746100522577763,0.29524946212768555,0.1307603269815445,0.9797094464302063,0.11470716446638107,uncertainty_and_risk
30,Reddit,Reddit,Marinlik,I love it. Beyond sausages taste really good. So does impossible beef. It's a good way to get the taste of meat without the environmental concerns and killing animals.,plant-based,2023-01,0.047642745077610016,0.0634491816163063,0.0008662401232868433,0.001362255192361772,0.39008185267448425,0.00018665051902644336,0.0026524136774241924,0.0036166920326650143,0.012587734498083591,0.004984674043953419,sustainability_differentiation
31,Reddit,Reddit,empirerec8,"For the occasional biannual trip to BK, I prefer the impossible whopper over the regular one. For the occasional frozen nugget... Quorn nuggets...",plant-based,2023-01,0.29274749755859375,0.09176226705312729,0.03087388537824154,0.01241378765553236,0.01379088032990694,0.0015043998137116432,0.17434634268283844,0.017513122409582138,0.6097164750099182,0.038522958755493164,uncertainty_and_risk
32,Reddit,Reddit,samanime,"I'm stoked for lab-grown meat hitting the big time... if it gets to be the same quality and even remotely near the same price, I fully plan to purchase it often... I pass on imitation meats because... don't taste as good, and are more expensive.",both,2023-01,0.3967393934726715,0.14816191792488098,0.264298677444458,0.31310370564460754,0.03526772931218147,0.0031607195269316435,0.20054049789905548,0.019651692360639572,0.03955512121319771,0.034038107842206955,differentiation_from_meat
33,Reddit,Reddit,Kempeth,"Beyond burger had great texture. I didn't mind the taste, my gf did. But overall not exciting. Fake fish fingers were pretty great. Quorn schnitzels have been meh.",plant-based,2023-01,0.6989466547966003,0.054504167288541794,0.7141140699386597,0.006439086049795151,0.007079184986650944,0.0022395688574761152,0.18541638553142548,0.016458628699183464,0.4198627471923828,0.02036469429731369,naturalness_perceptions
34,Reddit,Reddit,know-your-onions,"Beyond meat and Impossible meat are intended as alternatives to actual meat, but are a poor substitute that’s particularly unhealthy. Lab-grown meat sounds great, but isn’t available to me yet. But it’s the only viable alternative to meat that I’ve heard of yet.",both,2023-01,0.8365135788917542,0.5729094743728638,0.29862064123153687,0.8365008234977722,0.3867768943309784,0.015126206912100315,0.7419689297676086,0.09176233410835266,0.9472911357879639,0.07812519371509552,uncertainty_and_risk
35,Reddit,Reddit,LordOryx,"I’d never eat lab grown meat as to me it justifies our current animal agriculture system. Animals wouldn’t be getting saved because people believed it was wrong to consume them, but because of the convenience of the technology.",lab-grown,2025-06,0.28021183609962463,0.2729761600494385,0.2763453423976898,0.10660594701766968,0.8617402911186218,0.0065902648493647575,0.19969047605991364,0.11418262869119644,0.8465620279312134,0.06590431928634644,sustainability_differentiation
36,Reddit,Reddit,LivingHatred,"people aren’t going to stop eating animals because of lab grown meat. I guarantee it. Someone is going to say lab-grown meat causes cancer or autism or something stupid, and then people are going to demand that they be able to eat “natural” meat.",lab-grown,2025-06,0.09273502230644226,0.026777885854244232,0.28785157203674316,0.02349844202399254,0.03008759580552578,0.0008807219564914703,0.08437120914459229,0.029587116092443466,0.4041297733783722,0.013704843819141388,uncertainty_and_risk
37,Reddit,Reddit,Effective-Job-1030,I think it's great that suffer-free meat is being developed... Do you think that a species capable of causing that amount of suffering to itself would EVER stop eating animals because of the suffering it causes if there is no other way to get those tasty steaks?,lab-grown,2025-06,0.09355848282575607,0.08603274822235107,0.017715243622660637,0.009325167164206505,0.36492905020713806,0.0004679303674492985,0.04006682336330414,0.02342100627720356,0.1281624138355255,0.04675484821200371,sustainability_differentiation
38,Reddit,Reddit,Fishinluvwfeathers,lab grown meat would put fewer environmental pressures from pasture land usage on wild animal populations... Sometimes the orthopraxy of reducing suffering (even as a byproduct) will suffice when orthodoxy won’t,lab-grown,2025-06,0.1397593468427658,0.050691425800323486,0.015892094001173973,0.013474940322339535,0.8816084861755371,0.0019181440584361553,0.014252656139433384,0.017260897904634476,0.20034147799015045,0.05092090368270874,sustainability_differentiation
39,Reddit,Reddit,afishandaduck,"I wanna know if it is just me or if any other vegetarian gets weirded out by plant meat. I mean I love the concept, but I cant bring myself to eat it. I prefer cauliflower nuggets instead of plant based chicken nuggets",plant-based,2020-08,0.7735320329666138,0.25488585233688354,0.7141390442848206,0.5786590576171875,0.10635485500097275,0.010218307375907898,0.5620570182800293,0.04693811759352684,0.9119735956192017,0.45763397216796875,uncertainty_and_risk
40,Reddit,Reddit,user1,"I'm loving them. I never disliked meat, it was always a texture problem for me... Plant based meats are perfect because I get the taste/texture I miss without having to worry",plant-based,2020-08,0.10041908919811249,0.01022297888994217,0.0006137971649877727,0.0075688972137868404,0.03283095359802246,0.00045183030306361616,0.04825896397233009,0.014283226802945137,0.09981858730316162,0.01949687860906124,differentiation_from_meat
41,Reddit,Reddit,BelmontIncident,I like the stuff that fills the role of meat without doing an impression. Seitan and black bean burgers come to mind. The Impossible stuff freaked me right out the first time I had it.,plant-based,2020-08,0.6087542772293091,0.2677616775035858,0.8742594718933105,0.03779340535402298,0.05662715435028076,0.001347829238511622,0.31279489398002625,0.03336201608181,0.9900112152099609,0.15416061878204346,uncertainty_and_risk
42,Reddit,Reddit,directormmn,The first time I had a beyond burger I tried to send it back because I thought it was a mistake. Really weird and I still can't quite make myself eat it.,plant-based,2020-08,0.7558385133743286,0.40301987528800964,0.7585992813110352,0.18617402017116547,0.042662184685468674,0.0049206651747226715,0.47441452741622925,0.37636420130729675,0.963510274887085,0.31538450717926025,uncertainty_and_risk
43,Reddit,Reddit,SpiderNettles,"Having been vegetarian my whole life, the Impossible, Beyond, and even one of the new Gardein burgers really weird me out. I'm not used to veggie meat leaving a lot of fat on a pan.",plant-based,2020-08,0.7835573554039001,0.22739824652671814,0.2776608169078827,0.09887196868658066,0.24473431706428528,0.001884627272374928,0.33806607127189636,0.05773918330669403,0.9649291634559631,0.1479520946741104,uncertainty_and_risk
44,Reddit,Reddit,cld8,"If you are vegetarian because you don't like meat, then you probably won't like fake meat either. Fake meats are more geared towards meat-eaters who want to try something new, not toward vegetarians.",plant-based,2020-08,0.6097803711891174,0.17034922540187836,0.672400176525116,0.33900535106658936,0.10783736407756805,0.02832111530005932,0.2156611979007721,0.06530462950468063,0.6169148683547974,0.3489895462989807,naturalness_perceptions
45,Reddit,Reddit,roasterdd,I always liked the taste of meat. I became a vegetarian 38 yrs ago... So I love those veggie meats.,plant-based,2020-08,0.056432902812957764,0.002479658229276538,0.002892502583563328,0.0036786647979170084,0.007019621320068836,0.0003494542615953833,0.15019215643405914,0.002355808624997735,0.028081152588129044,0.010617082938551903,perceived_loss_switching
46,Reddit,Reddit,Macncheese4evah,a beyond burger scratches an itch for that charred burger that I used to eat at summer bbqs without me having to kill an animal.,plant-based,2020-08,0.5223872661590576,0.1217932254076004,0.20151296257972717,0.0009525712812319398,0.43661949038505554,0.00019572637393139303,0.0027390196919441223,0.047955114394426346,0.8358691930770874,0.014941317029297352,uncertainty_and_risk
47,Reddit,Reddit,retrospeculatives,"Finally tried some of those beyond burgers cause they were half off. Am officially not on the bandwagon now! Just opening them was like, wait, what? Watching and smelling them cook was borderline nauseating",plant-based,2020-08,0.9566954374313354,0.9476339817047119,0.6800441741943359,0.517242431640625,0.1250484734773636,0.0091253025457263,0.56757652759552,0.47782719135284424,0.9904096722602844,0.21392270922660828,uncertainty_and_risk
48,Reddit,Reddit,nonnoodles,I’ve had impossible ground beef and garden tenders and I don’t like them. Actually the less realistic a fake meat is the better i enjoy it. I think it’s like the uncanny valley for meat lol,plant-based,2020-08,0.5689396858215332,0.16032244265079498,0.8787281513214111,0.8396058678627014,0.016697339713573456,0.0022259652614593506,0.30225762724876404,0.040336042642593384,0.5920872688293457,0.05609557777643204,naturalness_perceptions
49,Reddit,Reddit,fermulator,i LOVED the impossible burger it made me cry to enjoy it,plant-based,2020-08,0.2283124178647995,0.011850566603243351,0.024747289717197418,0.13150352239608765,0.01919756643474102,0.0033043334260582924,0.0785454511642456,0.004223726689815521,0.5585606694221497,0.10343849658966064,uncertainty_and_risk
50,Reddit,Reddit,samuraijosh_,"I've hated all the ones I've tried. Like you said, I'd much rather use actual whole or lightly processed vegetables as meat substitutes.",plant-based,2020-08,0.961797297000885,0.9430512189865112,0.7890232801437378,0.34594497084617615,0.3399653434753418,0.003993249963968992,0.7826288342475891,0.3064727485179901,0.9679418206214905,0.1652810424566269,uncertainty_and_risk
51,Reddit,Reddit,caca_milis_,"Honestly, thank God for Beyond Burger because I don't think I'd have stuck it out if I couldn't get my 'fix'.",plant-based,2020-08,0.16760621964931488,0.009685112163424492,0.006742986850440502,0.003757018130272627,0.021301394328475,4.394776624394581e-05,0.07729633897542953,0.0063947224989533424,0.052429717034101486,0.010093317367136478,differentiation_from_meat
52,Reddit,Reddit,GarbageCleric,I don't think people buy veggie burgers and such because they think they're healthier than plants used to make them. They buy them because they want to eat a burger or some other tasty and easy to prepare and eat food.,plant-based,2024-12,0.006651787552982569,0.02437656931579113,0.009037916548550129,0.00048574883840046823,0.07180389016866684,0.002130225533619523,0.09898664802312851,0.11965376883745193,0.4216814935207367,0.0022835119161754847,uncertainty_and_risk
53,Reddit,Reddit,peakedtooearly,I'd happily tuck into lab grown meat if it reduces animal suffering and reduces the environmental impact of meat.,lab-grown,2024-12,0.15596000850200653,0.18079353868961334,0.004838631022721529,0.0014266491634771228,0.9461503624916077,0.0007235808297991753,0.007468956522643566,0.006228328682482243,0.01790771260857582,0.013654201291501522,sustainability_differentiation
54,Reddit,Reddit,molten_dragon,I'm not sure why they include lab-grown meat in the study at all though. It's a technology that's still in its infancy and is barely even being sold commercially to date.,lab-grown,2024-12,0.3970668613910675,0.18543027341365814,0.10127942264080048,0.027362322434782982,0.10831587761640549,0.005038152448832989,0.04775693267583847,0.14767086505889893,0.8692520260810852,0.07619522511959076,uncertainty_and_risk
55,Reddit,Reddit,Polymersion,"the point isn't for lab meat to be more economically viable than other non-meat products, it's to create an economically viable meat product that's less land-intensive and ethically problematic.",lab-grown,2024-12,0.006239122711122036,0.22395142912864685,0.007157360203564167,0.0018172294367104769,0.6503885388374329,0.0006222366355359554,0.014514423906803131,0.01603757031261921,0.13834267854690552,0.05096606910228729,sustainability_differentiation
56,Reddit,Reddit,SaltZookeepergame691,the vast majority of people don't want to eat only legumes. They want variety.,both,2024-12,0.02519904635846615,0.017545068636536598,0.003735472448170185,0.00314722559414804,0.1302039623260498,0.00012455640535335988,0.04176601022481918,0.011826219968497753,0.12062952667474747,0.0585421659052372,sustainability_differentiation
57,Reddit,Reddit,asphias,"until the day we can convince the entire world to eat legumes, providing them with an alternative they will actually switch to sounds like a massive improvement.",both,2024-12,0.023158444091677666,0.07745843380689621,0.007819853723049164,0.014395111240446568,0.06317266821861267,0.008953659795224667,0.030104095116257668,0.010493218898773193,0.17306998372077942,0.07397550344467163,uncertainty_and_risk
58,Reddit,Reddit,user_from_prev,Would plant based meat alternatives be replaced by lab grown meat? Would we see a decline in options and more difficulty in eating out if you chose to remain with plants?,both,2025-06,0.5894702076911926,0.8244711756706238,0.5991728901863098,0.03694961592555046,0.8836933374404907,0.00023238619905896485,0.923208475112915,0.0747777670621872,0.9631723165512085,0.3783275783061981,uncertainty_and_risk
59,X,Twitter,@nrgatomik,how to tell the difference once plant based meats are indistinguishable from the real deal? Let’s make sure we deal with reputable companies and restaurants,plant-based,2026-08,0.047390781342983246,0.28921201825141907,0.021277563646435738,0.006751761306077242,0.02319667860865593,0.00017343620129395276,0.6260632276535034,0.4470871388912201,0.7714256048202515,0.0696532130241394,uncertainty_and_risk
60,Reddit,Reddit,Duochan_Maxwell,"I use the alternatives (Impossible / Beyond burger, vegan nuggets...) as my 'lazy' option when I don't want to think about protein sources... Most meals however are with more traditionally plant-based foods like falafel, ganmodoki...",plant-based,2023-01,0.09397019445896149,0.04922335594892502,0.015583842061460018,0.007960054092109203,0.03812054172158241,0.00021540388115681708,0.19740475714206696,0.017288221046328545,0.3315884470939636,0.040774039924144745,uncertainty_and_risk
61,Reddit,Reddit,BuyHerCandy,"I personally love them, but... if they taste too authentic, I start worrying that I accidentally got real meat -- ESPECIALLY if it's at a restaurant",plant-based,2020-08,0.638939380645752,0.47746431827545166,0.19237101078033447,0.007796391844749451,0.03801524639129639,0.01012114342302084,0.6913840770721436,0.44855231046676636,0.9802346229553223,0.8859991431236267,uncertainty_and_risk
62,Reddit,Reddit,ColdDampForest,"I do not get weirded out by it. I feel like meat has some niche roles it plays in cooking, and I enjoy being able to find a vegetarian alternative.",plant-based,2020-08,0.07538841664791107,0.052664920687675476,0.0033142194151878357,0.018467599526047707,0.06256972253322601,0.0006944795022718608,0.14948907494544983,0.025028906762599945,0.512758731842041,0.08613068610429764,uncertainty_and_risk
63,Reddit,Reddit,thegirlandglobe,"I eat for health and not animal rights, so for me it's about choosing natural, unprocessed foods. I'll stick to things like legumes for my protein instead of whatever fake concoction is out there.",plant-based,2020-08,0.3090326189994812,0.877547562122345,0.8017271757125854,0.023902295157313347,0.17561747133731842,0.000805236108135432,0.27312302589416504,0.06996436417102814,0.8328250050544739,0.040103763341903687,perceived_processing
64,Reddit,Reddit,Felixir-the-Cat,"I usually eat legumes as my protein source, but sometimes, I just want a burger or chicken nuggets. Fake meat is great for those cravings.",plant-based,2024-12,0.3268544673919678,0.04660587012767792,0.8728947639465332,0.03174366429448128,0.06373725086450577,0.0009332072222605348,0.454023540019989,0.07870633155107498,0.5597666501998901,0.025976816192269325,naturalness_perceptions
65,Reddit,Reddit,NuPNua,"20+ year veggie here. If I'm cooking something proper, I'm using lentils, beans or chickpeas. But we all want something simple and bad for us now and then, that's what the burgers, etc are for.",plant-based,2024-12,0.23174816370010376,0.2576243579387665,0.11022910475730896,0.11892635375261307,0.07357480376958847,0.16917946934700012,0.5042515397071838,0.027958836406469345,0.7297959327697754,0.12831975519657135,uncertainty_and_risk
66,X,Twitter,@DBW77,"Anybody that states they love animals, but eats meat, is a bit of a hypocrite really. I include myself in that... I wish they'd hurry up and perfect lab grown meat!",lab-grown,2026-08,0.11319256573915482,0.11832478642463684,0.18061770498752594,0.06612266600131989,0.051685553044080734,0.006873059552162886,0.17786619067192078,0.07575012743473053,0.5716332197189331,0.1556837558746338,uncertainty_and_risk
67,X,Twitter,@maddoxrules,Discovered a low-carb alternative to plant-based proteins that tastes like beef called 'steak' and I love it.,plant-based,2025-05,0.008399059996008873,0.0015529332449659705,0.00014569029735866934,0.0031554847955703735,0.0011385942343622446,8.109703048830852e-05,0.04704515263438225,0.001178094302304089,0.0010492625879123807,0.006795892957597971,perceived_loss_switching
68,Reddit,Reddit,lil_squib,The main reason I’m excited about lab-grown meat is for its potential in things like cat food.,lab-grown,2025-06,0.018340108916163445,0.0007640246185474098,0.0011466206051409245,0.0002872045442927629,0.03773787245154381,0.00041912871529348195,0.0002897023514378816,0.00036506535252556205,0.0022553775925189257,0.0006092063849791884,sustainability_differentiation
69,Reddit,Reddit,Right-Lavishness-930,"My bolognese sauce gets so much better after simmering and sucking up all the juices from the meat, there’s no way the same happens with beyond burger meat.",plant-based,2023-01,0.894223690032959,0.6820780634880066,0.23136909306049347,0.20183603465557098,0.19936634600162506,0.006306356284767389,0.6253740787506104,0.21194668114185333,0.9147791266441345,0.07854598015546799,uncertainty_and_risk
70,Reddit,Reddit,Anime_Blushies,"I'm a new vegetarian and the meat replicas weird me out as well. It always leaves a horrible after taste in my mouth, can't do it",plant-based,2020-08,0.8714858889579773,0.677150547504425,0.9406721591949463,0.5399417877197266,0.22625955939292908,0.023829501122236252,0.7973161339759827,0.18257766962051392,0.972313642501831,0.3606564998626709,uncertainty_and_risk
71,Reddit,Reddit,TrippinTinfeat,"I love homemade veggie burgers, I love the field roast sausages, as they taste more like vegetables than what I vaguely and inaccurately remember sausage tasting like.",plant-based,2020-08,0.43956807255744934,0.026918990537524223,0.015373466536402702,0.002748270519077778,0.03510277345776558,0.0008700347971171141,0.07107701897621155,0.010523466393351555,0.7464012503623962,0.03620607405900955,uncertainty_and_risk
72,Reddit,Reddit,philos_albatross,Veggie sausage in soups is my JAM. I also pretty much live on soyrizo. But to each their own.,plant-based,2020-08,0.1222478523850441,0.024934906512498856,0.00878418330103159,0.0013975598849356174,0.09978354722261429,0.00028744820156134665,0.042182739824056625,0.01649530604481697,0.49051329493522644,0.03875119984149933,uncertainty_and_risk
73,Reddit,Reddit,fatherly_handshake,I’ve been vegetarian for 11 years and vegan for 3 and I still really like mock meats.,plant-based,2020-08,0.3645843267440796,0.0924726203083992,0.009112176485359669,0.022001905366778374,0.2025875449180603,0.003914800006896257,0.07453371584415436,0.043213263154029846,0.7650542259216309,0.09601125866174698,uncertainty_and_risk
74,Reddit,Reddit,LeGouzy,"I tried some of those [black bean and quinoa] and it felt like meat-flavored bread. Not terrible, but not great either.",plant-based,2024-12,0.9102544188499451,0.2822090983390808,0.3018065392971039,0.08822701126337051,0.08555231988430023,0.018078329041600227,0.3879862427711487,0.16867224872112274,0.9709064960479736,0.11232226341962814,uncertainty_and_risk
75,Reddit,Reddit,Choice-Layer,"I had some at White Castle, must have been around ten years back? Absolutely dreadful. Tasted like a mouthful of swamp.",plant-based,2024-12,0.8900718092918396,0.7472754716873169,0.7865102291107178,0.3909629285335541,0.14929796755313873,0.03171175718307495,0.3791179955005646,0.32636550068855286,0.9453056454658508,0.284280002117157,uncertainty_and_risk
76,X,Twitter,@boardyai,"I’m bullish on the biology, skeptical on the economics: if media and energy inputs don’t fall, lab-grown meat becomes a moral win with a brutal price tag.",lab-grown,2026-08,0.11311411112546921,0.31539127230644226,0.05207381770014763,0.012536710128188133,0.4777732789516449,0.002660871483385563,0.060460127890110016,0.059559695422649384,0.7238284945487976,0.09203760325908661,uncertainty_and_risk
77,Reddit,Reddit,adofluorescent,"I’m so excited for lab grown meat but some us states have already banned them, even though there aren’t any even commercially available yet.",lab-grown,2025-06,0.5353601574897766,0.5247135758399963,0.894371509552002,0.070500947535038,0.6764490008354187,0.01873258501291275,0.432505339384079,0.3847077786922455,0.9737091064453125,0.3228229284286499,uncertainty_and_risk
78,Reddit,Reddit,LDKCP,I quite like falafel. No one ever tried claiming to me that it tasted the same or better than meat. It's very different to meat while being tasty and satisfying.,plant-based,2023-01,0.7585862874984741,0.08266374468803406,0.02658194676041603,0.03120020404458046,0.02720392867922783,0.009314113296568394,0.2891252636909485,0.04939820617437363,0.5715038180351257,0.07902558147907257,differentiation_from_meat
79,Reddit,Reddit,Capn_Crusty,I'm not weirded out by it; I just think much of it isn't very good. I can see manufacturers trying many different angles. Much of this is fritters by any other word.,plant-based,2020-08,0.3055180609226227,0.28889551758766174,0.3431116044521332,0.30136388540267944,0.21463051438331604,0.010838724672794342,0.14639157056808472,0.15861177444458008,0.4961855709552765,0.04315737262368202,uncertainty_and_risk
80,Reddit,Reddit,Bach2theFuchsia53,There's a local brand that makes vegan meat alternatives. I like their burgers better than beef burgers AND Boca burgers.,plant-based,2020-08,0.8777255415916443,0.025278789922595024,0.0011274046264588833,0.0030993162654340267,0.15867255628108978,0.0009837979450821877,0.04752906784415245,0.005828590597957373,0.16509608924388885,0.04297034069895744,differentiation_from_meat
81,Reddit,Reddit,grntplmr,"I think they’re, fine, but that’s it. They don’t satiate my appetite... I would generally rather eat beans and mushrooms, or even the old stuff like BOCA burgers.",plant-based,2020-08,0.85822993516922,0.4609678089618683,0.19389043748378754,0.15302123129367828,0.09412955492734909,0.008077973499894142,0.9182473421096802,0.15882351994514465,0.8453813791275024,0.11911095678806305,perceived_loss_switching
82,Reddit,Reddit,BadRossbach,anytime I have ordered plant based “meats” at places I couldn’t stomach much because I was convinced my order was messed up and I was actually eating meat,plant-based,2020-08,0.6322811245918274,0.3379070460796356,0.9302245378494263,0.4337771534919739,0.6359853744506836,0.0036417427472770214,0.6872987151145935,0.37939125299453735,0.9122396111488342,0.5333464741706848,naturalness_perceptions
83,Reddit,Reddit,coconut___milk,"The stuff that gets too close to looking like meat is nasty to me. I don’t remember what meat tastes like at this point, so the whole time I’m eating the thing I’ll feel like maybe the person who made my food made a mistake",plant-based,2020-08,0.7441721558570862,0.5324813723564148,0.7793146967887878,0.7300747632980347,0.021018072962760925,0.009151862934231758,0.241770401597023,0.24579617381095886,0.9226320385932922,0.5598480105400085,uncertainty_and_risk
84,Reddit,Reddit,EcstaticTreacle2482,"lab-meat will always be more resource intensive, more expensive, and less healthy than simply eating legumes.",lab-grown,2024-12,0.6154696941375732,0.7702232599258423,0.22225667536258698,0.050330694764852524,0.8902991414070129,0.008607164956629276,0.24970991909503937,0.1122697964310646,0.8659301400184631,0.07188020646572113,sustainability_differentiation
85,Reddit,Reddit,SparroHawc,"if there is a solution that starts 'If everyone would just' then it will fail because no, everyone will not just.",both,2024-12,0.053313300013542175,0.12248780578374863,0.08814630657434464,0.025633394718170166,0.05514407530426979,0.01681283675134182,0.05470506101846695,0.07549605518579483,0.06096820533275604,0.018811006098985672,perceived_processing
86,X,Twitter,@VegNews quoted reaction,"Plant-based meats have gotten so realistic and we're not mad about it! If it helps one more person shift away from eating animals, that's a good thing.",plant-based,2026-08,0.016356978565454483,0.023336896672844887,0.0012156777083873749,0.008218897506594658,0.34128227829933167,4.436494782567024e-05,0.019490597769618034,0.008515649475157261,0.12480013817548752,0.030631734058260918,sustainability_differentiation
87,Reddit,Reddit,HeyPurityItsMeAgain,"I'm not eating anything grown in a lab and you can't make me. I love nuts and beans, but not as substitutes for other things.",lab-grown,2023-01,0.25073906779289246,0.7818224430084229,0.5767234563827515,0.019826946780085564,0.5941029787063599,0.01810014247894287,0.3098520338535309,0.5069835782051086,0.9484211206436157,0.24274754524230957,uncertainty_and_risk
88,X,Twitter,@AjRockatansky,"Today, Beyond Meat hit 52 cents a share... Or stop making shitty food.",plant-based,2026-08,0.6878347396850586,0.9286962747573853,0.5639331340789795,0.4338330030441284,0.9169746041297913,0.006905169691890478,0.09760070592164993,0.4818446636199951,0.9623241424560547,0.12576140463352203,uncertainty_and_risk
89,Reddit,Reddit,thepinkandwhite,"You bring up a startling and overlooked point about the lab grown cat, elephant, human, etc, meat. I’ve never thought of the fact that if lab-grown-meat achieves success, you could technically produce lab grown human meat and then eat it!",lab-grown,2025-06,0.022941511124372482,0.06178706884384155,0.1930309534072876,0.021985940635204315,0.026575669646263123,0.0247611366212368,0.06514015048742294,0.047371141612529755,0.28266221284866333,0.051765963435173035,uncertainty_and_risk
90,Reddit,Reddit,opheliainwaders,"I was going to say that the one place I do use it is tacos! I cook it, then add taco seasoning...",plant-based,2023-01,0.09791813045740128,0.06535667181015015,0.06924249231815338,0.007977872155606747,0.014864545315504074,0.0017421286320313811,0.1555677205324173,0.03849261626601219,0.44134268164634705,0.09592713415622711,uncertainty_and_risk
91,X,Twitter,@GranmaLyvija,"I don’t know enuf about lab-grown meat to have a real opinion, but I know enuf to be suspicious!",lab-grown,2026-08,0.5827364921569824,0.4381510317325592,0.9393070340156555,0.16650137305259705,0.4950653612613678,0.001374869025312364,0.1670166701078415,0.8722415566444397,0.9949701428413391,0.05422698333859444,uncertainty_and_risk
92,Reddit,Reddit,ifeelwhenyoubecause,"yeah, they’re gross, highly processed, and they’re not real food.",plant-based,2020-08,0.6852601766586304,0.9538021087646484,0.8969411849975586,0.1967288702726364,0.16632674634456635,0.0018744630506262183,0.2690967321395874,0.5816901326179504,0.9587599039077759,0.1479683220386505,uncertainty_and_risk
93,Reddit,Reddit,ChemicalTerrapin,"Beans are healthy, nutritious, cheap and environmental friendly is kinda obvious.",plant-based,2024-12,0.02737600915133953,0.02639296092092991,0.0017971284687519073,0.0003152590070385486,0.030042259022593498,0.003345261327922344,0.022296242415905,0.00027497444534674287,6.86865096213296e-05,0.006622876971960068,sustainability_differentiation
94,X,Twitter,@ekapob,"I live in Asia and have real vegan food that’s extremely delicious, so I've known from the beginning that Beyond Meat has no chance.",plant-based,2026-08,0.9114036560058594,0.8141689896583557,0.8741562962532043,0.04754677787423134,0.8091291189193726,0.1135997399687767,0.6268789768218994,0.825431227684021,0.9161471724510193,0.47841283679008484,uncertainty_and_risk
95,Reddit,Reddit,Affectionate_Luck_34,"I get my protein from pea protein powder for smoothies, beans, mushrooms, tofu",plant-based,2023-01,0.15598174929618835,0.016759932041168213,0.006741412915289402,0.005060399882495403,0.01967025361955166,0.0005933824577368796,0.12988777458667755,0.010783257894217968,0.13361623883247375,0.0191491786390543,differentiation_from_meat
96,Reddit,Reddit,MarcusWallen,I think food production will have to shift to plant-based for environmental reasons way before lab grown meat becomes realistic. It’s quite resource-intensive.,both,2025-06,0.3072836995124817,0.5446357131004333,0.08623771369457245,0.04690949618816376,0.6051952838897705,0.018809247761964798,0.11669290065765381,0.03042149543762207,0.5411490201950073,0.03332174941897392,sustainability_differentiation
97,X,Twitter,@restorewithnick,"The plant based wave collapsed on taste, and cultivated animal fat is what the industry says fixes it.",both,2026-08,0.6633807420730591,0.22459445893764496,0.5117403864860535,0.0910768210887909,0.5155901908874512,0.18114438652992249,0.9289489388465881,0.19493740797042847,0.5416140556335449,0.045952070504426956,perceived_loss_switching
98,Reddit,Reddit,Halfapoptart,Also a big fan of gardein meatless crumbles! I prefer quorn chicken nuggets over Morningstar.,plant-based,2020-08,0.3788955509662628,0.011087685823440552,0.006808682810515165,0.003987271338701248,0.10452321916818619,0.0010131057351827621,0.034594401717185974,0.004627841524779797,0.3443937599658966,0.027213865891098976,differentiation_from_meat
99,Reddit,Reddit,Yay_Rabies,I love the black bean tacos myself.,plant-based,2024-12,0.14000004529953003,0.0028297954704612494,0.008594095706939697,0.000369008572306484,0.028007403016090393,0.006541819777339697,0.08731697499752045,0.009974222630262375,0.031230710446834564,0.048335492610931396,differentiation_from_meat
100,Reddit,Reddit,shawnikaros,Black bean patties are so goddamn good.,plant-based,2024-12,0.2579180598258972,0.01794726774096489,0.0017437194474041462,0.003526129527017474,0.0333716943860054,0.002372248563915491,0.05820930749177933,0.01102498546242714,0.043528761714696884,0.04208190739154816,differentiation_from_meat
101,X,Twitter,@IlsaRuthen,I don't know enough about lab-grown meat to give an opinion.,lab-grown,2026-08,0.10009430348873138,0.1357293725013733,0.14165158569812775,0.0193310659378767,0.0731450542807579,0.007525610737502575,0.11553199589252472,0.18418025970458984,0.9905894994735718,0.09261150658130646,uncertainty_and_risk
102,Reddit,Reddit,Duochan_Maxwell2,Tofu with basil is pretty much the only tofu that doesn't taste like moldy cardboard,plant-based,2023-01,0.4484044015407562,0.01808072440326214,0.009938315488398075,0.011781774461269379,0.012373736128211021,0.000848263967782259,0.07232240587472916,0.0053998506627976894,0.021369898691773415,0.04832394793629646,differentiation_from_meat
103,Reddit,Reddit,verymuchgay,"It's gonna be like lab grown vs blood diamonds. I guarantee there's going to be many people who value the 'real deal' much more than the 'fake' stuff, even though they are exactly the same, except one has no suffering.",lab-grown,2025-06,0.06954211741685867,0.15797969698905945,0.49326395988464355,0.033605482429265976,0.09743031114339828,0.0020965200383216143,0.05053066462278366,0.039981938898563385,0.16988776624202728,0.016287412494421005,naturalness_perceptions
104,Reddit,Reddit,maporita,"Alternatively they could learn to cook and then they will be able to make quick, healthy vegetarian meals that also taste great.",plant-based,2024-12,0.018560349941253662,0.02947264537215233,0.0022674875799566507,0.00022813756368122995,0.006551266182214022,0.00010226063750451431,0.020519373938441277,0.006658078636974096,0.067863330245018,0.01702534221112728,uncertainty_and_risk
105,X,Twitter,@LouiseAliceS,"Oh, gosh yes. Lab grown meat sounds horrible. I don’t even like plant based meats. Yuck!!",lab-grown,2026-08,0.9373394250869751,0.8113588094711304,0.9541940093040466,0.8336649537086487,0.4987940192222595,0.028579700738191605,0.5342308878898621,0.2683280408382416,0.9786309599876404,0.23255157470703125,uncertainty_and_risk
106,X,Twitter,@cobykylix,Opinion on lab grown meat is a good litmus test to see if someone is a retarded bugperson luddite or an actual pragmatist.,lab-grown,2026-08,0.9373853802680969,0.4644632637500763,0.9422794580459595,0.09811727702617645,0.14354808628559113,0.0007594069465994835,0.11892537772655487,0.19668123126029968,0.9116334319114685,0.03505639731884003,naturalness_perceptions
107,X,Twitter,@janetSchaper,"No lab grown meat either, Mr. Gates.",lab-grown,2026-08,0.5970365405082703,0.7924860715866089,0.15937760472297668,0.1373092383146286,0.8572914004325867,0.016467925161123276,0.27449366450309753,0.3032646179199219,0.9240878224372864,0.24593386054039001,uncertainty_and_risk
108,X,Twitter,@BullyRingo,"2 yrs ago I had impossible burger at Burger & Lobster, it was heavenly even though I knew I shouldn’t put that chemistry experiment in my body.",plant-based,2026-08,0.3155865967273712,0.9185519218444824,0.328225702047348,0.011186610907316208,0.23249103128910065,0.0027561928145587444,0.5359503030776978,0.2502160966396332,0.9952040910720825,0.33929938077926636,uncertainty_and_risk
109,X,Twitter,@Clippy_Clop,I had the same problem when I was vegetarian for awhile. It's pretty eerie how similar the impossible burger tastes and looks.,plant-based,2026-07,0.13924875855445862,0.4339684247970581,0.8021603226661682,0.4076305329799652,0.07429131120443344,0.2764694392681122,0.538023829460144,0.12650169432163239,0.9126952886581421,0.22827574610710144,uncertainty_and_risk
110,X,Twitter,@anielizarmly,at home i eat the morningstar veggie burgers which are delicious but obviously not real meat maybe if i made the impossible burger myself it wouldn’t be so disconcerting,plant-based,2026-07,0.9545263648033142,0.27121448516845703,0.9880098700523376,0.41902047395706177,0.7344772219657898,0.0035674229729920626,0.8791806697845459,0.33711937069892883,0.9939782619476318,0.5873611569404602,uncertainty_and_risk
111,Reddit,Reddit,tastepdad,I’m pretty sold on all of Beyond’s product line.,plant-based,2025-11,0.1229093000292778,0.005044721998274326,0.003186797723174095,0.0008705446380190551,0.0428098700940609,0.0008559287525713444,0.011563378386199474,0.00037388206692412496,0.003254320239648223,0.008773532696068287,differentiation_from_meat
112,Reddit,Reddit,Wisteria_Grow13,"Vivera. Their steaks, kebab and salmon are amazing!",plant-based,2025-11,0.10486095398664474,0.0035130016040056944,0.0006947431829757988,8.510806947015226e-05,0.03681429103016853,0.002522127004340291,0.003830607980489731,0.0019068351248279214,0.048811424523591995,0.013317353092133999,differentiation_from_meat
113,Reddit,Reddit,Responsible-Crab-549,"Impossible. Their burgers, meatballs, and sausage are far and away better than the others imo",plant-based,2025-11,0.3638962209224701,0.02663811482489109,0.007347929757088423,0.0004449950938578695,0.01555419061332941,0.001437881961464882,0.019237583503127098,0.007973624393343925,0.027048561722040176,0.03593319281935692,differentiation_from_meat
114,Reddit,Reddit,urbanHaunter,"Because I still like the flavour. I'm not vegan because I don't like meat or milk, I'm vegan for ethical reasons so that no living beings have to die or be exploited for my taste",plant-based,2025-11,0.13070471584796906,0.2455163449048996,0.023966340348124504,0.00142532994505018,0.3687031865119934,0.0005376707413233817,0.1722511649131775,0.01188169326633215,0.6509544849395752,0.012410479597747326,uncertainty_and_risk
115,X,Twitter,@JoAnn_Marie,Sounds Wonderful. Can’t wait to taste the lab grown meat,lab-grown,2026-08,0.09074164927005768,0.0009629616979509592,0.0019756148103624582,0.00014180711877997965,0.038171663880348206,0.0003408206976018846,0.006850342731922865,0.0013125669211149216,0.010527877137064934,0.006978449411690235,differentiation_from_meat
116,X,Twitter,@KerryOLeary4,I’m done with Mc Donald’s. They tried to pull a fast one and started using lab grown meat without telling customers.,lab-grown,2026-08,0.49508151412010193,0.9379568696022034,0.7295140624046326,0.08112155646085739,0.9192798733711243,0.00022422033362090588,0.35265052318573,0.9391458630561829,0.9933681488037109,0.34428107738494873,uncertainty_and_risk
117,X,Twitter,@LinnRandom,"Ive tried Beyond Burger and Impossible Burger...then, shocker..read the chemicals in that crap, nearly fainted. As a vegan... I wont eat it!!!",plant-based,2026-08,0.9050833582878113,0.9902172684669495,0.9646463394165039,0.4086535573005676,0.9545013904571533,0.0033218604512512684,0.6675820350646973,0.7435993552207947,0.9954829812049866,0.2299816906452179,uncertainty_and_risk
118,X,Twitter,@monkefiter,I’d try lab-grown meat. It’s just protein strands. Doesn’t sound appetizing but I like the idea of a custom-grown steak that a cow didn’t have to die for. Like in Star Trek.,lab-grown,2026-08,0.16810713708400726,0.019923651590943336,0.021190878003835678,0.10941357910633087,0.05116220563650131,0.00037389257340691984,0.1142578274011612,0.016562409698963165,0.09228768944740295,0.029136886820197105,differentiation_from_meat
119,X,Twitter,@waitbutwhy,"I tried lab-grown meat recently. It tasted like meat, because it is meat—just not grown on the body of an animal. No suffering and a fraction of the environmental footprint.",lab-grown,2025-05,0.36052197217941284,0.09398330748081207,0.011826240457594395,0.0014825657708570361,0.7716208100318909,0.0011398502392694354,0.012075754813849926,0.008592945523560047,0.022388538345694542,0.02783273160457611,sustainability_differentiation
120,X,Twitter,@JohnStossel,I tried meat grown in a lab. It tastes like … well … meat.,lab-grown,2025-02,0.1444416493177414,0.0375182069838047,0.003504860447719693,0.0023464325349777937,0.11570249497890472,0.003475166391581297,0.0419461689889431,0.01869118958711624,0.17717599868774414,0.02182752639055252,uncertainty_and_risk
121,X,Twitter,@JenkoKent,I love an impossible burger as much as the next guy,plant-based,2026-08,0.020899634808301926,0.0019926929380744696,0.007063054479658604,0.0033698584884405136,0.00561498012393713,0.024564582854509354,0.053259432315826416,0.0012434752425178885,0.5735710263252258,0.023145370185375214,uncertainty_and_risk
122,X,Twitter,@___F3ARL3SS___,Is there lab grown meat? ... It’s weird.,lab-grown,2026-08,0.7851355075836182,0.44120079278945923,0.8625867366790771,0.09226545691490173,0.908312976360321,0.0009367904858663678,0.14109419286251068,0.6099194884300232,0.9950615167617798,0.19576501846313477,uncertainty_and_risk
123,X,Twitter,@ChristinaTasty,"Even as a big meat eater myself, I think the only downside to this right now is the fact it DOESN'T taste like real meat. YET.",plant-based,2024-09,0.9389787912368774,0.6124864816665649,0.9205986857414246,0.3756784200668335,0.08594979345798492,0.022724444046616554,0.7819838523864746,0.27425479888916016,0.8952527642250061,0.11460252851247787,differentiation_from_meat
