id,source,platform,author,text,topic,date_approx
1,X,Twitter,,"I tried lab-grown meat recently. It tasted like meat, because it is meat—just not grown on the body of an animal. No suffering and a fraction of the environmental footprint.",lab-grown,2025-05
2,X,Twitter,,"Lab grown meat is not more environmentally sustainable than conventional animal meat-no data has been shown to make that claim, in fact most studies suggest it is much more energy and resource intensive",lab-grown,2025-08
3,X,Twitter,,"A) lab-grown meat is not biologically identical to animal meat B) its “environmental impact” will likely be “orders of magnitude” higher, according to a UC Davis study C) there are options other than factory farmed meat",lab-grown,2025-08
4,X,Twitter,,I've tried lab grown meat and the pea protein/oils used do not agree with my gut. In this case the alternative is not acceptable to me.,lab-grown,2026-08
5,X,Twitter,,"Lab-grown and plant-based foods are made in sterile conditions with no pathogens, no antibiotics, and no mystery scraps. Given the choice between something from a clean lab and something scraped off a slaughterhouse floor, I’ll take the lab product any day.",both,2025-08
6,X,Twitter,,"Lab grown meat: doesn't cause suffering - has a fraction of the environmental impact - is free of antibiotics - is projected to be cheaper than natural meat. I know some folks are skeeved out, but this is very good technology",lab-grown,2018
7,X,Twitter,,I'm completely against lab-grown meat for many reasons but the biggest? All of the start-ups trying to make this a reality have a very utopian mindset of the real world.,lab-grown,2026-08
8,X,Twitter,,Love @BurgerKing for their impossible whopper option. Nice to eat a burger without the slaughter of an animal.,plant-based,2026-08
9,X,Twitter,,the beyond nuggets at a&w were legit,plant-based,2026-08
10,X,Twitter,,I’d try lab-grown meat. It’s just protein strands. Doesn’t sound appetizing but I like the idea of a custom-grown steak that a cow didn’t have to die for. Like in Star Trek.,lab-grown,2026-08
11,X,Twitter,,"I tried meat grown in a lab. It tastes like … well … meat. I guess it is meat, but it’s not grown the normal way.",lab-grown,2025-02
12,X,Twitter,,Thought I'd try one of those Fake Steak things. Did it with a mushroom sauce. It tasted soooo much like meat it gave me the boak after 5 years of plant based food.,plant-based,2026-08
13,X,Twitter,,Lab-grown meat just passed a taste test blind study against conventional. The future is here.,lab-grown,2026-08
14,X,Twitter,,"If this was so, all kids meals would be made with the plant based meat, They taste just like beef & chicken.",plant-based,2026-08
15,X,Twitter,,"Ive tried Beyond Burger and Impossible Burger...then, shocker..read the chemicals in that crap, nearly fainted. As a vegan... I wont eat it!!!",plant-based,2026-08
16,X,Twitter,,"Try the “Beyond Burger” brand. For me personally, after many vegan years, they taste too much like meat. But if you’re looking for a 1:1 meat replacement, that’s what you want.",plant-based,2026-08
17,X,Twitter,,I love learning about alternative protein and seeing how far we’ve come with innovation!! What’s your favorite plant-based meat on the market right now?,plant-based,2026-08
18,X,Twitter,,Plant based meat is the most eco friendly production in this case.,plant-based,2026-08
19,X,Twitter,,Sounds Wonderful. Can’t wait to taste the lab grown meat,lab-grown,2026-08
20,X,Twitter,,I’m done with Mc Donald’s. They tried to pull a fast one and started using lab grown meat without telling customers.,lab-grown,2026-08
21,X,Twitter,,"It’s not about the taste or the nutrients, it’s about feeling like a big scary manly killer predator and lab-grown ruins that mythos",lab-grown,2026-08
22,X,Twitter,,Impossible meat is pretty good and close to beef just can taste weird if you don’t cook it right... and beyond meat is good as well. But I stay away from most other processed fake meats,plant-based,2026-08
23,X,Twitter,,"Some taste terrible and very dry, like they’re not trying. But I love the Beyond Meat burgers",plant-based,2026-08
24,X,Twitter,,"beyond meat burgers are so gross haha, lab grown actual meat probably is the only thing that has a chance to replace meat",both,2026-08
25,X,Twitter,,The Beyond Meat product is a science project and doesn't even taste good.,plant-based,2026-08
26,Reddit,r/Cooking,,"Lab Grown Meat should cook the same as regular meat. Personally, this is the one area of food technology I'm most excited about. All of us could be cooking with impossibly marbled cuts that were created without killing an animal",lab-grown,2023-01
27,Reddit,r/Cooking,,"Less structured plant based faux meats (hamburgers/sausages) have improved in texture greatly over the past decade... Lab-grown meat offers the potential for structured biologically identical products, but... costs... will mean they're always exorbitantly priced.",both,2023-01
28,Reddit,r/Cooking,,"NGL, I miss when veggie burgers didn’t just imitate meat. I like the bean/grain based burgers...",plant-based,2023-01
29,Reddit,r/Cooking,,The impossible/beyond burger meat works good in chili or red sauce pasta... I still prefer real meat for cooking though.,plant-based,2023-01
30,Reddit,r/Cooking,,I love it. Beyond sausages taste really good. So does impossible beef. It's a good way to get the taste of meat without the environmental concerns and killing animals.,plant-based,2023-01
31,Reddit,r/Cooking,,"For the occasional biannual trip to BK, I prefer the impossible whopper over the regular one. For the occasional frozen nugget... Quorn nuggets...",plant-based,2023-01
32,Reddit,r/Cooking,,"I'm stoked for lab-grown meat hitting the big time... if it gets to be the same quality and even remotely near the same price, I fully plan to purchase it often... I pass on imitation meats because... don't taste as good, and are more expensive.",both,2023-01
33,Reddit,r/Cooking,,"Beyond burger had great texture. I didn't mind the taste, my gf did. But overall not exciting. Fake fish fingers were pretty great. Quorn schnitzels have been meh.",plant-based,2023-01
34,Reddit,r/Cooking,,"Beyond meat and Impossible meat are intended as alternatives to actual meat, but are a poor substitute that’s particularly unhealthy. Lab-grown meat sounds great, but isn’t available to me yet. But it’s the only viable alternative to meat that I’ve heard of yet.",both,2023-01
35,Reddit,r/vegan,,"I’d never eat lab grown meat as to me it justifies our current animal agriculture system. Animals wouldn’t be getting saved because people believed it was wrong to consume them, but because of the convenience of the technology.",lab-grown,2025-06
36,Reddit,r/vegan,,"people aren’t going to stop eating animals because of lab grown meat. I guarantee it. Someone is going to say lab-grown meat causes cancer or autism or something stupid, and then people are going to demand that they be able to eat “natural” meat.",lab-grown,2025-06
37,Reddit,r/vegan,,I think it's great that suffer-free meat is being developed... Do you think that a species capable of causing that amount of suffering to itself would EVER stop eating animals because of the suffering it causes if there is no other way to get those tasty steaks?,lab-grown,2025-06
38,Reddit,r/vegan,,lab grown meat would put fewer environmental pressures from pasture land usage on wild animal populations... Sometimes the orthopraxy of reducing suffering (even as a byproduct) will suffice when orthodoxy won’t,lab-grown,2025-06
39,Reddit,r/vegetarian,,"I wanna know if it is just me or if any other vegetarian gets weirded out by plant meat. I mean I love the concept, but I cant bring myself to eat it. I prefer cauliflower nuggets instead of plant based chicken nuggets",plant-based,2020-08
40,Reddit,r/vegetarian,,"I'm loving them. I never disliked meat, it was always a texture problem for me... Plant based meats are perfect because I get the taste/texture I miss without having to worry",plant-based,2020-08
41,Reddit,r/vegetarian,,I like the stuff that fills the role of meat without doing an impression. Seitan and black bean burgers come to mind. The Impossible stuff freaked me right out the first time I had it.,plant-based,2020-08
42,Reddit,r/vegetarian,,The first time I had a beyond burger I tried to send it back because I thought it was a mistake. Really weird and I still can't quite make myself eat it.,plant-based,2020-08
43,Reddit,r/vegetarian,,"Having been vegetarian my whole life, the Impossible, Beyond, and even one of the new Gardein burgers really weird me out. I'm not used to veggie meat leaving a lot of fat on a pan.",plant-based,2020-08
44,Reddit,r/vegetarian,,"If you are vegetarian because you don't like meat, then you probably won't like fake meat either. Fake meats are more geared towards meat-eaters who want to try something new, not toward vegetarians.",plant-based,2020-08
45,Reddit,r/vegetarian,,I always liked the taste of meat. I became a vegetarian 38 yrs ago... So I love those veggie meats.,plant-based,2020-08
46,Reddit,r/vegetarian,,a beyond burger scratches an itch for that charred burger that I used to eat at summer bbqs without me having to kill an animal.,plant-based,2020-08
47,Reddit,r/vegetarian,,"Finally tried some of those beyond burgers cause they were half off. Am officially not on the bandwagon now! Just opening them was like, wait, what? Watching and smelling them cook was borderline nauseating",plant-based,2020-08
48,Reddit,r/vegetarian,,I’ve had impossible ground beef and garden tenders and I don’t like them. Actually the less realistic a fake meat is the better i enjoy it. I think it’s like the uncanny valley for meat lol,plant-based,2020-08
49,Reddit,r/vegetarian,,i LOVED the impossible burger it made me cry to enjoy it,plant-based,2020-08
50,Reddit,r/vegetarian,,"I've hated all the ones I've tried. Like you said, I'd much rather use actual whole or lightly processed vegetables as meat substitutes.",plant-based,2020-08
51,Reddit,r/vegetarian,,"Honestly, thank God for Beyond Burger because I don't think I'd have stuck it out if I couldn't get my 'fix'.",plant-based,2020-08
52,Reddit,r/science,,I don't think people buy veggie burgers and such because they think they're healthier than plants used to make them. They buy them because they want to eat a burger or some other tasty and easy to prepare and eat food.,plant-based,2024-12
53,Reddit,r/science,,I'd happily tuck into lab grown meat if it reduces animal suffering and reduces the environmental impact of meat.,lab-grown,2024-12
54,Reddit,r/science,,I'm not sure why they include lab-grown meat in the study at all though. It's a technology that's still in its infancy and is barely even being sold commercially to date.,lab-grown,2024-12
55,Reddit,r/science,,"the point isn't for lab meat to be more economically viable than other non-meat products, it's to create an economically viable meat product that's less land-intensive and ethically problematic.",lab-grown,2024-12
56,Reddit,r/science,,the vast majority of people don't want to eat only legumes. They want variety.,both,2024-12
57,Reddit,r/science,,"until the day we can convince the entire world to eat legumes, providing them with an alternative they will actually switch to sounds like a massive improvement.",both,2024-12
58,Reddit,r/vegan,,Would plant based meat alternatives be replaced by lab grown meat? Would we see a decline in options and more difficulty in eating out if you chose to remain with plants?,both,2025-06
59,X,Twitter,,how to tell the difference once plant based meats are indistinguishable from the real deal? Let’s make sure we deal with reputable companies and restaurants,plant-based,2026-08
60,Reddit,r/Cooking,,"I use the alternatives (Impossible / Beyond burger, vegan nuggets...) as my 'lazy' option when I don't want to think about protein sources... Most meals however are with more traditionally plant-based foods like falafel, ganmodoki...",plant-based,2023-01
61,Reddit,r/vegetarian,,"I personally love them, but... if they taste too authentic, I start worrying that I accidentally got real meat -- ESPECIALLY if it's at a restaurant",plant-based,2020-08
62,Reddit,r/vegetarian,,"I do not get weirded out by it. I feel like meat has some niche roles it plays in cooking, and I enjoy being able to find a vegetarian alternative.",plant-based,2020-08
63,Reddit,r/vegetarian,,"I eat for health and not animal rights, so for me it's about choosing natural, unprocessed foods. I'll stick to things like legumes for my protein instead of whatever fake concoction is out there.",plant-based,2020-08
64,Reddit,r/science,,"I usually eat legumes as my protein source, but sometimes, I just want a burger or chicken nuggets. Fake meat is great for those cravings.",plant-based,2024-12
65,Reddit,r/science,,"20+ year veggie here. If I'm cooking something proper, I'm using lentils, beans or chickpeas. But we all want something simple and bad for us now and then, that's what the burgers, etc are for.",plant-based,2024-12
66,X,Twitter,,"Anybody that states they love animals, but eats meat, is a bit of a hypocrite really. I include myself in that... I wish they'd hurry up and perfect lab grown meat!",lab-grown,2026-08
67,X,Twitter,,Discovered a low-carb alternative to plant-based proteins that tastes like beef called 'steak' and I love it.,plant-based,2025-05
68,Reddit,r/vegan,,The main reason I’m excited about lab-grown meat is for its potential in things like cat food.,lab-grown,2025-06
69,Reddit,r/Cooking,,"My bolognese sauce gets so much better after simmering and sucking up all the juices from the meat, there’s no way the same happens with beyond burger meat.",plant-based,2023-01
70,Reddit,r/vegetarian,,"I'm a new vegetarian and the meat replicas weird me out as well. It always leaves a horrible after taste in my mouth, can't do it",plant-based,2020-08
71,Reddit,r/vegetarian,,"I love homemade veggie burgers, I love the field roast sausages, as they taste more like vegetables than what I vaguely and inaccurately remember sausage tasting like.",plant-based,2020-08
72,Reddit,r/vegetarian,,Veggie sausage in soups is my JAM. I also pretty much live on soyrizo. But to each their own.,plant-based,2020-08
73,Reddit,r/vegetarian,,I’ve been vegetarian for 11 years and vegan for 3 and I still really like mock meats.,plant-based,2020-08
74,Reddit,r/science,,"I tried some of those [black bean and quinoa] and it felt like meat-flavored bread. Not terrible, but not great either.",plant-based,2024-12
75,Reddit,r/science,,"I had some at White Castle, must have been around ten years back? Absolutely dreadful. Tasted like a mouthful of swamp.",plant-based,2024-12
76,X,Twitter,,"I’m bullish on the biology, skeptical on the economics: if media and energy inputs don’t fall, lab-grown meat becomes a moral win with a brutal price tag.",lab-grown,2026-08
77,Reddit,r/vegan,,"I’m so excited for lab grown meat but some us states have already banned them, even though there aren’t any even commercially available yet.",lab-grown,2025-06
78,Reddit,r/Cooking,,I quite like falafel. No one ever tried claiming to me that it tasted the same or better than meat. It's very different to meat while being tasty and satisfying.,plant-based,2023-01
79,Reddit,r/vegetarian,,I'm not weirded out by it; I just think much of it isn't very good. I can see manufacturers trying many different angles. Much of this is fritters by any other word.,plant-based,2020-08
80,Reddit,r/vegetarian,,There's a local brand that makes vegan meat alternatives. I like their burgers better than beef burgers AND Boca burgers.,plant-based,2020-08
81,Reddit,r/vegetarian,,"I think they’re, fine, but that’s it. They don’t satiate my appetite... I would generally rather eat beans and mushrooms, or even the old stuff like BOCA burgers.",plant-based,2020-08
82,Reddit,r/vegetarian,,anytime I have ordered plant based “meats” at places I couldn’t stomach much because I was convinced my order was messed up and I was actually eating meat,plant-based,2020-08
83,Reddit,r/vegetarian,,"The stuff that gets too close to looking like meat is nasty to me. I don’t remember what meat tastes like at this point, so the whole time I’m eating the thing I’ll feel like maybe the person who made my food made a mistake",plant-based,2020-08
84,Reddit,r/science,,"lab-meat will always be more resource intensive, more expensive, and less healthy than simply eating legumes.",lab-grown,2024-12
85,Reddit,r/science,,"if there is a solution that starts 'If everyone would just' then it will fail because no, everyone will not just.",both,2024-12
86,X,Twitter,,"Plant-based meats have gotten so realistic and we're not mad about it! If it helps one more person shift away from eating animals, that's a good thing.",plant-based,2026-08
87,Reddit,r/Cooking,,"I'm not eating anything grown in a lab and you can't make me. I love nuts and beans, but not as substitutes for other things.",lab-grown,2023-01
88,X,Twitter,,"Today, Beyond Meat hit 52 cents a share... Or stop making shitty food.",plant-based,2026-08
89,Reddit,r/vegan,,"You bring up a startling and overlooked point about the lab grown cat, elephant, human, etc, meat. I’ve never thought of the fact that if lab-grown-meat achieves success, you could technically produce lab grown human meat and then eat it!",lab-grown,2025-06
90,Reddit,r/Cooking,,"I was going to say that the one place I do use it is tacos! I cook it, then add taco seasoning...",plant-based,2023-01
91,X,Twitter,,"I don’t know enuf about lab-grown meat to have a real opinion, but I know enuf to be suspicious!",lab-grown,2026-08
92,Reddit,r/vegetarian,,"yeah, they’re gross, highly processed, and they’re not real food.",plant-based,2020-08
93,Reddit,r/science,,"Beans are healthy, nutritious, cheap and environmental friendly is kinda obvious.",plant-based,2024-12
94,X,Twitter,,"I live in Asia and have real vegan food that’s extremely delicious, so I've known from the beginning that Beyond Meat has no chance.",plant-based,2026-08
95,Reddit,r/Cooking,,"I get my protein from pea protein powder for smoothies, beans, mushrooms, tofu",plant-based,2023-01
96,Reddit,r/vegan,,I think food production will have to shift to plant-based for environmental reasons way before lab grown meat becomes realistic. It’s quite resource-intensive.,both,2025-06
97,X,Twitter,,"The plant based wave collapsed on taste, and cultivated animal fat is what the industry says fixes it.",both,2026-08
98,Reddit,r/vegetarian,,Also a big fan of gardein meatless crumbles! I prefer quorn chicken nuggets over Morningstar.,plant-based,2020-08
99,Reddit,r/science,,I love the black bean tacos myself.,plant-based,2024-12
100,Reddit,r/science,,Black bean patties are so goddamn good.,plant-based,2024-12
101,X,Twitter,,I don't know enough about lab-grown meat to give an opinion.,lab-grown,2026-08
102,Reddit,r/Cooking,,Tofu with basil is pretty much the only tofu that doesn't taste like moldy cardboard,plant-based,2023-01
103,Reddit,r/vegan,,"It's gonna be like lab grown vs blood diamonds. I guarantee there's going to be many people who value the 'real deal' much more than the 'fake' stuff, even though they are exactly the same, except one has no suffering.",lab-grown,2025-06
104,Reddit,r/science,,"Alternatively they could learn to cook and then they will be able to make quick, healthy vegetarian meals that also taste great.",plant-based,2024-12
105,X,Twitter,,"Oh, gosh yes. Lab grown meat sounds horrible. I don’t even like plant based meats. Yuck!!",lab-grown,2026-08
106,X,Twitter,,Opinion on lab grown meat is a good litmus test to see if someone is a retarded bugperson luddite or an actual pragmatist.,lab-grown,2026-08
107,X,Twitter,,"No lab grown meat either, Mr. Gates.",lab-grown,2026-08
108,X,Twitter,,"2 yrs ago I had impossible burger at Burger & Lobster, it was heavenly even though I knew I shouldn’t put that chemistry experiment in my body.",plant-based,2026-08
109,X,Twitter,,I had the same problem when I was vegetarian for awhile. It's pretty eerie how similar the impossible burger tastes and looks.,plant-based,2026-07
110,X,Twitter,,at home i eat the morningstar veggie burgers which are delicious but obviously not real meat maybe if i made the impossible burger myself it wouldn’t be so disconcerting,plant-based,2026-07
111,Reddit,r/vegan,,I’m pretty sold on all of Beyond’s product line.,plant-based,2025-11
112,Reddit,r/vegan,,"Vivera. Their steaks, kebab and salmon are amazing!",plant-based,2025-11
113,Reddit,r/vegan,,"Impossible. Their burgers, meatballs, and sausage are far and away better than the others imo",plant-based,2025-11
114,Reddit,r/vegan,,"Because I still like the flavour. I'm not vegan because I don't like meat or milk, I'm vegan for ethical reasons so that no living beings have to die or be exploited for my taste",plant-based,2025-11
115,X,Twitter,,Sounds Wonderful. Can’t wait to taste the lab grown meat,lab-grown,2026-08
116,X,Twitter,,I’m done with Mc Donald’s. They tried to pull a fast one and started using lab grown meat without telling customers.,lab-grown,2026-08
117,X,Twitter,,"Ive tried Beyond Burger and Impossible Burger...then, shocker..read the chemicals in that crap, nearly fainted. As a vegan... I wont eat it!!!",plant-based,2026-08
118,X,Twitter,,I’d try lab-grown meat. It’s just protein strands. Doesn’t sound appetizing but I like the idea of a custom-grown steak that a cow didn’t have to die for. Like in Star Trek.,lab-grown,2026-08
119,X,Twitter,,"I tried lab-grown meat recently. It tasted like meat, because it is meat—just not grown on the body of an animal. No suffering and a fraction of the environmental footprint.",lab-grown,2025-05
120,X,Twitter,,I tried meat grown in a lab. It tastes like … well … meat.,lab-grown,2025-02
121,X,Twitter,,I love an impossible burger as much as the next guy,plant-based,2026-08
122,X,Twitter,,Is there lab grown meat? ... It’s weird.,lab-grown,2026-08
123,X,Twitter,,"Even as a big meat eater myself, I think the only downside to this right now is the fact it DOESN'T taste like real meat. YET.",plant-based,2024-09